feature_index,channel,bin_fft,feature_type
0,aceleracao_x_mancal_a,0,approx_magnitude_abs_real_plus_abs_imag_q15
1,aceleracao_x_mancal_a,1,approx_magnitude_abs_real_plus_abs_imag_q15
2,aceleracao_x_mancal_a,2,approx_magnitude_abs_real_plus_abs_imag_q15
3,aceleracao_x_mancal_a,3,approx_magnitude_abs_real_plus_abs_imag_q15
4,aceleracao_x_mancal_a,4,approx_magnitude_abs_real_plus_abs_imag_q15
5,aceleracao_x_mancal_a,5,approx_magnitude_abs_real_plus_abs_imag_q15
6,aceleracao_x_mancal_a,6,approx_magnitude_abs_real_plus_abs_imag_q15
7,aceleracao_x_mancal_a,7,approx_magnitude_abs_real_plus_abs_imag_q15
8,aceleracao_x_mancal_a,8,approx_magnitude_abs_real_plus_abs_imag_q15
9,aceleracao_x_mancal_a,9,approx_magnitude_abs_real_plus_abs_imag_q15
10,aceleracao_x_mancal_a,10,approx_magnitude_abs_real_plus_abs_imag_q15
11,aceleracao_x_mancal_a,11,approx_magnitude_abs_real_plus_abs_imag_q15
12,aceleracao_x_mancal_a,12,approx_magnitude_abs_real_plus_abs_imag_q15
13,aceleracao_x_mancal_a,13,approx_magnitude_abs_real_plus_abs_imag_q15
14,aceleracao_x_mancal_a,14,approx_magnitude_abs_real_plus_abs_imag_q15
15,aceleracao_x_mancal_a,15,approx_magnitude_abs_real_plus_abs_imag_q15
16,aceleracao_x_mancal_a,16,approx_magnitude_abs_real_plus_abs_imag_q15
17,aceleracao_x_mancal_a,17,approx_magnitude_abs_real_plus_abs_imag_q15
18,aceleracao_x_mancal_a,18,approx_magnitude_abs_real_plus_abs_imag_q15
19,aceleracao_x_mancal_a,19,approx_magnitude_abs_real_plus_abs_imag_q15
20,aceleracao_x_mancal_a,20,approx_magnitude_abs_real_plus_abs_imag_q15
21,aceleracao_x_mancal_a,21,approx_magnitude_abs_real_plus_abs_imag_q15
22,aceleracao_x_mancal_a,22,approx_magnitude_abs_real_plus_abs_imag_q15
23,aceleracao_x_mancal_a,23,approx_magnitude_abs_real_plus_abs_imag_q15
24,aceleracao_x_mancal_a,24,approx_magnitude_abs_real_plus_abs_imag_q15
25,aceleracao_x_mancal_a,25,approx_magnitude_abs_real_plus_abs_imag_q15
26,aceleracao_x_mancal_a,26,approx_magnitude_abs_real_plus_abs_imag_q15
27,aceleracao_x_mancal_a,27,approx_magnitude_abs_real_plus_abs_imag_q15
28,aceleracao_x_mancal_a,28,approx_magnitude_abs_real_plus_abs_imag_q15
29,aceleracao_x_mancal_a,29,approx_magnitude_abs_real_plus_abs_imag_q15
30,aceleracao_x_mancal_a,30,approx_magnitude_abs_real_plus_abs_imag_q15
31,aceleracao_x_mancal_a,31,approx_magnitude_abs_real_plus_abs_imag_q15
32,aceleracao_x_mancal_a,32,approx_magnitude_abs_real_plus_abs_imag_q15
33,aceleracao_x_mancal_a,33,approx_magnitude_abs_real_plus_abs_imag_q15
34,aceleracao_x_mancal_a,34,approx_magnitude_abs_real_plus_abs_imag_q15
35,aceleracao_x_mancal_a,35,approx_magnitude_abs_real_plus_abs_imag_q15
36,aceleracao_x_mancal_a,36,approx_magnitude_abs_real_plus_abs_imag_q15
37,aceleracao_x_mancal_a,37,approx_magnitude_abs_real_plus_abs_imag_q15
38,aceleracao_x_mancal_a,38,approx_magnitude_abs_real_plus_abs_imag_q15
39,aceleracao_x_mancal_a,39,approx_magnitude_abs_real_plus_abs_imag_q15
40,aceleracao_x_mancal_a,40,approx_magnitude_abs_real_plus_abs_imag_q15
41,aceleracao_x_mancal_a,41,approx_magnitude_abs_real_plus_abs_imag_q15
42,aceleracao_x_mancal_a,42,approx_magnitude_abs_real_plus_abs_imag_q15
43,aceleracao_x_mancal_a,43,approx_magnitude_abs_real_plus_abs_imag_q15
44,aceleracao_x_mancal_a,44,approx_magnitude_abs_real_plus_abs_imag_q15
45,aceleracao_x_mancal_a,45,approx_magnitude_abs_real_plus_abs_imag_q15
46,aceleracao_x_mancal_a,46,approx_magnitude_abs_real_plus_abs_imag_q15
47,aceleracao_x_mancal_a,47,approx_magnitude_abs_real_plus_abs_imag_q15
48,aceleracao_x_mancal_a,48,approx_magnitude_abs_real_plus_abs_imag_q15
49,aceleracao_x_mancal_a,49,approx_magnitude_abs_real_plus_abs_imag_q15
50,aceleracao_x_mancal_a,50,approx_magnitude_abs_real_plus_abs_imag_q15
51,aceleracao_x_mancal_a,51,approx_magnitude_abs_real_plus_abs_imag_q15
52,aceleracao_x_mancal_a,52,approx_magnitude_abs_real_plus_abs_imag_q15
53,aceleracao_x_mancal_a,53,approx_magnitude_abs_real_plus_abs_imag_q15
54,aceleracao_x_mancal_a,54,approx_magnitude_abs_real_plus_abs_imag_q15
55,aceleracao_x_mancal_a,55,approx_magnitude_abs_real_plus_abs_imag_q15
56,aceleracao_x_mancal_a,56,approx_magnitude_abs_real_plus_abs_imag_q15
57,aceleracao_x_mancal_a,57,approx_magnitude_abs_real_plus_abs_imag_q15
58,aceleracao_x_mancal_a,58,approx_magnitude_abs_real_plus_abs_imag_q15
59,aceleracao_x_mancal_a,59,approx_magnitude_abs_real_plus_abs_imag_q15
60,aceleracao_x_mancal_a,60,approx_magnitude_abs_real_plus_abs_imag_q15
61,aceleracao_x_mancal_a,61,approx_magnitude_abs_real_plus_abs_imag_q15
62,aceleracao_x_mancal_a,62,approx_magnitude_abs_real_plus_abs_imag_q15
63,aceleracao_x_mancal_a,63,approx_magnitude_abs_real_plus_abs_imag_q15
64,aceleracao_y_mancal_a,0,approx_magnitude_abs_real_plus_abs_imag_q15
65,aceleracao_y_mancal_a,1,approx_magnitude_abs_real_plus_abs_imag_q15
66,aceleracao_y_mancal_a,2,approx_magnitude_abs_real_plus_abs_imag_q15
67,aceleracao_y_mancal_a,3,approx_magnitude_abs_real_plus_abs_imag_q15
68,aceleracao_y_mancal_a,4,approx_magnitude_abs_real_plus_abs_imag_q15
69,aceleracao_y_mancal_a,5,approx_magnitude_abs_real_plus_abs_imag_q15
70,aceleracao_y_mancal_a,6,approx_magnitude_abs_real_plus_abs_imag_q15
71,aceleracao_y_mancal_a,7,approx_magnitude_abs_real_plus_abs_imag_q15
72,aceleracao_y_mancal_a,8,approx_magnitude_abs_real_plus_abs_imag_q15
73,aceleracao_y_mancal_a,9,approx_magnitude_abs_real_plus_abs_imag_q15
74,aceleracao_y_mancal_a,10,approx_magnitude_abs_real_plus_abs_imag_q15
75,aceleracao_y_mancal_a,11,approx_magnitude_abs_real_plus_abs_imag_q15
76,aceleracao_y_mancal_a,12,approx_magnitude_abs_real_plus_abs_imag_q15
77,aceleracao_y_mancal_a,13,approx_magnitude_abs_real_plus_abs_imag_q15
78,aceleracao_y_mancal_a,14,approx_magnitude_abs_real_plus_abs_imag_q15
79,aceleracao_y_mancal_a,15,approx_magnitude_abs_real_plus_abs_imag_q15
80,aceleracao_y_mancal_a,16,approx_magnitude_abs_real_plus_abs_imag_q15
81,aceleracao_y_mancal_a,17,approx_magnitude_abs_real_plus_abs_imag_q15
82,aceleracao_y_mancal_a,18,approx_magnitude_abs_real_plus_abs_imag_q15
83,aceleracao_y_mancal_a,19,approx_magnitude_abs_real_plus_abs_imag_q15
84,aceleracao_y_mancal_a,20,approx_magnitude_abs_real_plus_abs_imag_q15
85,aceleracao_y_mancal_a,21,approx_magnitude_abs_real_plus_abs_imag_q15
86,aceleracao_y_mancal_a,22,approx_magnitude_abs_real_plus_abs_imag_q15
87,aceleracao_y_mancal_a,23,approx_magnitude_abs_real_plus_abs_imag_q15
88,aceleracao_y_mancal_a,24,approx_magnitude_abs_real_plus_abs_imag_q15
89,aceleracao_y_mancal_a,25,approx_magnitude_abs_real_plus_abs_imag_q15
90,aceleracao_y_mancal_a,26,approx_magnitude_abs_real_plus_abs_imag_q15
91,aceleracao_y_mancal_a,27,approx_magnitude_abs_real_plus_abs_imag_q15
92,aceleracao_y_mancal_a,28,approx_magnitude_abs_real_plus_abs_imag_q15
93,aceleracao_y_mancal_a,29,approx_magnitude_abs_real_plus_abs_imag_q15
94,aceleracao_y_mancal_a,30,approx_magnitude_abs_real_plus_abs_imag_q15
95,aceleracao_y_mancal_a,31,approx_magnitude_abs_real_plus_abs_imag_q15
96,aceleracao_y_mancal_a,32,approx_magnitude_abs_real_plus_abs_imag_q15
97,aceleracao_y_mancal_a,33,approx_magnitude_abs_real_plus_abs_imag_q15
98,aceleracao_y_mancal_a,34,approx_magnitude_abs_real_plus_abs_imag_q15
99,aceleracao_y_mancal_a,35,approx_magnitude_abs_real_plus_abs_imag_q15
100,aceleracao_y_mancal_a,36,approx_magnitude_abs_real_plus_abs_imag_q15
101,aceleracao_y_mancal_a,37,approx_magnitude_abs_real_plus_abs_imag_q15
102,aceleracao_y_mancal_a,38,approx_magnitude_abs_real_plus_abs_imag_q15
103,aceleracao_y_mancal_a,39,approx_magnitude_abs_real_plus_abs_imag_q15
104,aceleracao_y_mancal_a,40,approx_magnitude_abs_real_plus_abs_imag_q15
105,aceleracao_y_mancal_a,41,approx_magnitude_abs_real_plus_abs_imag_q15
106,aceleracao_y_mancal_a,42,approx_magnitude_abs_real_plus_abs_imag_q15
107,aceleracao_y_mancal_a,43,approx_magnitude_abs_real_plus_abs_imag_q15
108,aceleracao_y_mancal_a,44,approx_magnitude_abs_real_plus_abs_imag_q15
109,aceleracao_y_mancal_a,45,approx_magnitude_abs_real_plus_abs_imag_q15
110,aceleracao_y_mancal_a,46,approx_magnitude_abs_real_plus_abs_imag_q15
111,aceleracao_y_mancal_a,47,approx_magnitude_abs_real_plus_abs_imag_q15
112,aceleracao_y_mancal_a,48,approx_magnitude_abs_real_plus_abs_imag_q15
113,aceleracao_y_mancal_a,49,approx_magnitude_abs_real_plus_abs_imag_q15
114,aceleracao_y_mancal_a,50,approx_magnitude_abs_real_plus_abs_imag_q15
115,aceleracao_y_mancal_a,51,approx_magnitude_abs_real_plus_abs_imag_q15
116,aceleracao_y_mancal_a,52,approx_magnitude_abs_real_plus_abs_imag_q15
117,aceleracao_y_mancal_a,53,approx_magnitude_abs_real_plus_abs_imag_q15
118,aceleracao_y_mancal_a,54,approx_magnitude_abs_real_plus_abs_imag_q15
119,aceleracao_y_mancal_a,55,approx_magnitude_abs_real_plus_abs_imag_q15
120,aceleracao_y_mancal_a,56,approx_magnitude_abs_real_plus_abs_imag_q15
121,aceleracao_y_mancal_a,57,approx_magnitude_abs_real_plus_abs_imag_q15
122,aceleracao_y_mancal_a,58,approx_magnitude_abs_real_plus_abs_imag_q15
123,aceleracao_y_mancal_a,59,approx_magnitude_abs_real_plus_abs_imag_q15
124,aceleracao_y_mancal_a,60,approx_magnitude_abs_real_plus_abs_imag_q15
125,aceleracao_y_mancal_a,61,approx_magnitude_abs_real_plus_abs_imag_q15
126,aceleracao_y_mancal_a,62,approx_magnitude_abs_real_plus_abs_imag_q15
127,aceleracao_y_mancal_a,63,approx_magnitude_abs_real_plus_abs_imag_q15
128,aceleracao_x_mancal_b,0,approx_magnitude_abs_real_plus_abs_imag_q15
129,aceleracao_x_mancal_b,1,approx_magnitude_abs_real_plus_abs_imag_q15
130,aceleracao_x_mancal_b,2,approx_magnitude_abs_real_plus_abs_imag_q15
131,aceleracao_x_mancal_b,3,approx_magnitude_abs_real_plus_abs_imag_q15
132,aceleracao_x_mancal_b,4,approx_magnitude_abs_real_plus_abs_imag_q15
133,aceleracao_x_mancal_b,5,approx_magnitude_abs_real_plus_abs_imag_q15
134,aceleracao_x_mancal_b,6,approx_magnitude_abs_real_plus_abs_imag_q15
135,aceleracao_x_mancal_b,7,approx_magnitude_abs_real_plus_abs_imag_q15
136,aceleracao_x_mancal_b,8,approx_magnitude_abs_real_plus_abs_imag_q15
137,aceleracao_x_mancal_b,9,approx_magnitude_abs_real_plus_abs_imag_q15
138,aceleracao_x_mancal_b,10,approx_magnitude_abs_real_plus_abs_imag_q15
139,aceleracao_x_mancal_b,11,approx_magnitude_abs_real_plus_abs_imag_q15
140,aceleracao_x_mancal_b,12,approx_magnitude_abs_real_plus_abs_imag_q15
141,aceleracao_x_mancal_b,13,approx_magnitude_abs_real_plus_abs_imag_q15
142,aceleracao_x_mancal_b,14,approx_magnitude_abs_real_plus_abs_imag_q15
143,aceleracao_x_mancal_b,15,approx_magnitude_abs_real_plus_abs_imag_q15
144,aceleracao_x_mancal_b,16,approx_magnitude_abs_real_plus_abs_imag_q15
145,aceleracao_x_mancal_b,17,approx_magnitude_abs_real_plus_abs_imag_q15
146,aceleracao_x_mancal_b,18,approx_magnitude_abs_real_plus_abs_imag_q15
147,aceleracao_x_mancal_b,19,approx_magnitude_abs_real_plus_abs_imag_q15
148,aceleracao_x_mancal_b,20,approx_magnitude_abs_real_plus_abs_imag_q15
149,aceleracao_x_mancal_b,21,approx_magnitude_abs_real_plus_abs_imag_q15
150,aceleracao_x_mancal_b,22,approx_magnitude_abs_real_plus_abs_imag_q15
151,aceleracao_x_mancal_b,23,approx_magnitude_abs_real_plus_abs_imag_q15
152,aceleracao_x_mancal_b,24,approx_magnitude_abs_real_plus_abs_imag_q15
153,aceleracao_x_mancal_b,25,approx_magnitude_abs_real_plus_abs_imag_q15
154,aceleracao_x_mancal_b,26,approx_magnitude_abs_real_plus_abs_imag_q15
155,aceleracao_x_mancal_b,27,approx_magnitude_abs_real_plus_abs_imag_q15
156,aceleracao_x_mancal_b,28,approx_magnitude_abs_real_plus_abs_imag_q15
157,aceleracao_x_mancal_b,29,approx_magnitude_abs_real_plus_abs_imag_q15
158,aceleracao_x_mancal_b,30,approx_magnitude_abs_real_plus_abs_imag_q15
159,aceleracao_x_mancal_b,31,approx_magnitude_abs_real_plus_abs_imag_q15
160,aceleracao_x_mancal_b,32,approx_magnitude_abs_real_plus_abs_imag_q15
161,aceleracao_x_mancal_b,33,approx_magnitude_abs_real_plus_abs_imag_q15
162,aceleracao_x_mancal_b,34,approx_magnitude_abs_real_plus_abs_imag_q15
163,aceleracao_x_mancal_b,35,approx_magnitude_abs_real_plus_abs_imag_q15
164,aceleracao_x_mancal_b,36,approx_magnitude_abs_real_plus_abs_imag_q15
165,aceleracao_x_mancal_b,37,approx_magnitude_abs_real_plus_abs_imag_q15
166,aceleracao_x_mancal_b,38,approx_magnitude_abs_real_plus_abs_imag_q15
167,aceleracao_x_mancal_b,39,approx_magnitude_abs_real_plus_abs_imag_q15
168,aceleracao_x_mancal_b,40,approx_magnitude_abs_real_plus_abs_imag_q15
169,aceleracao_x_mancal_b,41,approx_magnitude_abs_real_plus_abs_imag_q15
170,aceleracao_x_mancal_b,42,approx_magnitude_abs_real_plus_abs_imag_q15
171,aceleracao_x_mancal_b,43,approx_magnitude_abs_real_plus_abs_imag_q15
172,aceleracao_x_mancal_b,44,approx_magnitude_abs_real_plus_abs_imag_q15
173,aceleracao_x_mancal_b,45,approx_magnitude_abs_real_plus_abs_imag_q15
174,aceleracao_x_mancal_b,46,approx_magnitude_abs_real_plus_abs_imag_q15
175,aceleracao_x_mancal_b,47,approx_magnitude_abs_real_plus_abs_imag_q15
176,aceleracao_x_mancal_b,48,approx_magnitude_abs_real_plus_abs_imag_q15
177,aceleracao_x_mancal_b,49,approx_magnitude_abs_real_plus_abs_imag_q15
178,aceleracao_x_mancal_b,50,approx_magnitude_abs_real_plus_abs_imag_q15
179,aceleracao_x_mancal_b,51,approx_magnitude_abs_real_plus_abs_imag_q15
180,aceleracao_x_mancal_b,52,approx_magnitude_abs_real_plus_abs_imag_q15
181,aceleracao_x_mancal_b,53,approx_magnitude_abs_real_plus_abs_imag_q15
182,aceleracao_x_mancal_b,54,approx_magnitude_abs_real_plus_abs_imag_q15
183,aceleracao_x_mancal_b,55,approx_magnitude_abs_real_plus_abs_imag_q15
184,aceleracao_x_mancal_b,56,approx_magnitude_abs_real_plus_abs_imag_q15
185,aceleracao_x_mancal_b,57,approx_magnitude_abs_real_plus_abs_imag_q15
186,aceleracao_x_mancal_b,58,approx_magnitude_abs_real_plus_abs_imag_q15
187,aceleracao_x_mancal_b,59,approx_magnitude_abs_real_plus_abs_imag_q15
188,aceleracao_x_mancal_b,60,approx_magnitude_abs_real_plus_abs_imag_q15
189,aceleracao_x_mancal_b,61,approx_magnitude_abs_real_plus_abs_imag_q15
190,aceleracao_x_mancal_b,62,approx_magnitude_abs_real_plus_abs_imag_q15
191,aceleracao_x_mancal_b,63,approx_magnitude_abs_real_plus_abs_imag_q15
192,aceleracao_y_mancal_b,0,approx_magnitude_abs_real_plus_abs_imag_q15
193,aceleracao_y_mancal_b,1,approx_magnitude_abs_real_plus_abs_imag_q15
194,aceleracao_y_mancal_b,2,approx_magnitude_abs_real_plus_abs_imag_q15
195,aceleracao_y_mancal_b,3,approx_magnitude_abs_real_plus_abs_imag_q15
196,aceleracao_y_mancal_b,4,approx_magnitude_abs_real_plus_abs_imag_q15
197,aceleracao_y_mancal_b,5,approx_magnitude_abs_real_plus_abs_imag_q15
198,aceleracao_y_mancal_b,6,approx_magnitude_abs_real_plus_abs_imag_q15
199,aceleracao_y_mancal_b,7,approx_magnitude_abs_real_plus_abs_imag_q15
200,aceleracao_y_mancal_b,8,approx_magnitude_abs_real_plus_abs_imag_q15
201,aceleracao_y_mancal_b,9,approx_magnitude_abs_real_plus_abs_imag_q15
202,aceleracao_y_mancal_b,10,approx_magnitude_abs_real_plus_abs_imag_q15
203,aceleracao_y_mancal_b,11,approx_magnitude_abs_real_plus_abs_imag_q15
204,aceleracao_y_mancal_b,12,approx_magnitude_abs_real_plus_abs_imag_q15
205,aceleracao_y_mancal_b,13,approx_magnitude_abs_real_plus_abs_imag_q15
206,aceleracao_y_mancal_b,14,approx_magnitude_abs_real_plus_abs_imag_q15
207,aceleracao_y_mancal_b,15,approx_magnitude_abs_real_plus_abs_imag_q15
208,aceleracao_y_mancal_b,16,approx_magnitude_abs_real_plus_abs_imag_q15
209,aceleracao_y_mancal_b,17,approx_magnitude_abs_real_plus_abs_imag_q15
210,aceleracao_y_mancal_b,18,approx_magnitude_abs_real_plus_abs_imag_q15
211,aceleracao_y_mancal_b,19,approx_magnitude_abs_real_plus_abs_imag_q15
212,aceleracao_y_mancal_b,20,approx_magnitude_abs_real_plus_abs_imag_q15
213,aceleracao_y_mancal_b,21,approx_magnitude_abs_real_plus_abs_imag_q15
214,aceleracao_y_mancal_b,22,approx_magnitude_abs_real_plus_abs_imag_q15
215,aceleracao_y_mancal_b,23,approx_magnitude_abs_real_plus_abs_imag_q15
216,aceleracao_y_mancal_b,24,approx_magnitude_abs_real_plus_abs_imag_q15
217,aceleracao_y_mancal_b,25,approx_magnitude_abs_real_plus_abs_imag_q15
218,aceleracao_y_mancal_b,26,approx_magnitude_abs_real_plus_abs_imag_q15
219,aceleracao_y_mancal_b,27,approx_magnitude_abs_real_plus_abs_imag_q15
220,aceleracao_y_mancal_b,28,approx_magnitude_abs_real_plus_abs_imag_q15
221,aceleracao_y_mancal_b,29,approx_magnitude_abs_real_plus_abs_imag_q15
222,aceleracao_y_mancal_b,30,approx_magnitude_abs_real_plus_abs_imag_q15
223,aceleracao_y_mancal_b,31,approx_magnitude_abs_real_plus_abs_imag_q15
224,aceleracao_y_mancal_b,32,approx_magnitude_abs_real_plus_abs_imag_q15
225,aceleracao_y_mancal_b,33,approx_magnitude_abs_real_plus_abs_imag_q15
226,aceleracao_y_mancal_b,34,approx_magnitude_abs_real_plus_abs_imag_q15
227,aceleracao_y_mancal_b,35,approx_magnitude_abs_real_plus_abs_imag_q15
228,aceleracao_y_mancal_b,36,approx_magnitude_abs_real_plus_abs_imag_q15
229,aceleracao_y_mancal_b,37,approx_magnitude_abs_real_plus_abs_imag_q15
230,aceleracao_y_mancal_b,38,approx_magnitude_abs_real_plus_abs_imag_q15
231,aceleracao_y_mancal_b,39,approx_magnitude_abs_real_plus_abs_imag_q15
232,aceleracao_y_mancal_b,40,approx_magnitude_abs_real_plus_abs_imag_q15
233,aceleracao_y_mancal_b,41,approx_magnitude_abs_real_plus_abs_imag_q15
234,aceleracao_y_mancal_b,42,approx_magnitude_abs_real_plus_abs_imag_q15
235,aceleracao_y_mancal_b,43,approx_magnitude_abs_real_plus_abs_imag_q15
236,aceleracao_y_mancal_b,44,approx_magnitude_abs_real_plus_abs_imag_q15
237,aceleracao_y_mancal_b,45,approx_magnitude_abs_real_plus_abs_imag_q15
238,aceleracao_y_mancal_b,46,approx_magnitude_abs_real_plus_abs_imag_q15
239,aceleracao_y_mancal_b,47,approx_magnitude_abs_real_plus_abs_imag_q15
240,aceleracao_y_mancal_b,48,approx_magnitude_abs_real_plus_abs_imag_q15
241,aceleracao_y_mancal_b,49,approx_magnitude_abs_real_plus_abs_imag_q15
242,aceleracao_y_mancal_b,50,approx_magnitude_abs_real_plus_abs_imag_q15
243,aceleracao_y_mancal_b,51,approx_magnitude_abs_real_plus_abs_imag_q15
244,aceleracao_y_mancal_b,52,approx_magnitude_abs_real_plus_abs_imag_q15
245,aceleracao_y_mancal_b,53,approx_magnitude_abs_real_plus_abs_imag_q15
246,aceleracao_y_mancal_b,54,approx_magnitude_abs_real_plus_abs_imag_q15
247,aceleracao_y_mancal_b,55,approx_magnitude_abs_real_plus_abs_imag_q15
248,aceleracao_y_mancal_b,56,approx_magnitude_abs_real_plus_abs_imag_q15
249,aceleracao_y_mancal_b,57,approx_magnitude_abs_real_plus_abs_imag_q15
250,aceleracao_y_mancal_b,58,approx_magnitude_abs_real_plus_abs_imag_q15
251,aceleracao_y_mancal_b,59,approx_magnitude_abs_real_plus_abs_imag_q15
252,aceleracao_y_mancal_b,60,approx_magnitude_abs_real_plus_abs_imag_q15
253,aceleracao_y_mancal_b,61,approx_magnitude_abs_real_plus_abs_imag_q15
254,aceleracao_y_mancal_b,62,approx_magnitude_abs_real_plus_abs_imag_q15
255,aceleracao_y_mancal_b,63,approx_magnitude_abs_real_plus_abs_imag_q15
